customer_id,tenure_months,monthly_spend,num_complaints,is_on_promo_plan,used_app_this_week,segment,churned
CUST0000,39,70.95,0,0,1,Premium,0
CUST0001,52,44.15,3,0,1,Premium,0
CUST0002,29,67.24,2,0,0,Basic,0
CUST0003,15,57.88,1,0,1,Plus,0
CUST0004,43,53.5,0,1,1,Basic,0
CUST0005,8,62.04,3,0,1,Premium,1
CUST0006,21,50.81,0,0,0,Basic,0
CUST0007,39,53.61,1,0,1,Basic,0
CUST0008,58,62.35,3,0,1,Basic,0
CUST0009,19,80.79,0,1,0,Plus,1
CUST0010,23,53.77,0,0,1,Basic,0
CUST0011,11,43.19,0,0,0,Basic,1
CUST0012,11,19.56,1,0,0,Premium,1
CUST0013,24,79.42,1,0,0,Premium,0
CUST0014,53,46.05,1,0,0,Basic,0
CUST0015,36,58.02,2,1,1,Basic,0
CUST0016,40,78.59,1,1,0,Premium,0
CUST0017,24,53.41,2,1,0,Premium,0
CUST0018,3,47.08,2,0,0,Plus,0
CUST0019,22,71.3,1,1,0,Plus,0
CUST0020,53,56.91,3,0,0,Basic,1
CUST0021,2,58.79,0,0,1,Premium,0
CUST0022,24,27.15,2,0,0,Plus,1
CUST0023,44,68.09,2,0,1,Plus,0
CUST0024,30,55.63,1,0,1,Basic,0
CUST0025,38,29.43,2,1,0,Premium,0
CUST0026,2,57.28,1,0,1,Plus,0
CUST0027,21,19.06,3,0,0,Basic,1
CUST0028,33,85.13,0,0,0,Plus,0
CUST0029,12,33.47,0,1,0,Plus,0
CUST0030,58,74.18,2,1,0,Plus,0
CUST0031,22,37.81,0,1,1,Plus,0
CUST0032,44,58.4,4,0,1,Plus,0
CUST0033,25,36.32,0,0,0,Premium,0
CUST0034,49,64.96,2,0,1,Basic,0
CUST0035,27,46.47,4,0,0,Basic,1
CUST0036,59,57.02,3,0,1,Basic,0
CUST0037,42,50.23,1,0,0,Plus,0
CUST0038,28,29.52,5,0,0,Plus,0
CUST0039,16,57.56,1,1,0,Premium,0
CUST0040,15,42.45,2,0,0,Plus,0
CUST0041,47,65.68,0,0,1,Plus,0
CUST0042,51,46.46,0,0,1,Premium,0
CUST0043,44,48.85,1,1,0,Basic,0
CUST0044,55,75.24,0,1,1,Premium,0
CUST0045,52,85.72,0,1,1,Basic,0
CUST0046,57,61.79,0,1,1,Plus,0
CUST0047,3,45.69,0,0,0,Plus,0
CUST0048,37,44.38,1,0,1,Plus,0
CUST0049,51,37.72,3,0,1,Basic,0
CUST0050,7,40.62,1,0,1,Basic,1
CUST0051,21,45.9,0,0,0,Plus,1
CUST0052,9,79.46,2,0,0,Premium,0
CUST0053,39,47.04,0,1,0,Basic,0
CUST0054,18,31.61,1,1,1,Premium,0
CUST0055,4,50.62,0,1,1,Basic,0
CUST0056,25,52.67,3,1,0,Plus,1
CUST0057,14,50.53,2,0,1,Plus,0
CUST0058,50,62.0,0,0,1,Plus,0
CUST0059,58,51.04,1,0,1,Premium,0
CUST0060,9,61.53,1,0,1,Plus,0
CUST0061,26,38.29,3,1,1,Plus,0
CUST0062,53,76.71,0,0,0,Basic,0
CUST0063,2,53.79,2,1,1,Basic,0
CUST0064,20,56.0,5,0,0,Basic,0
CUST0065,28,38.23,2,0,0,Plus,0
CUST0066,47,57.08,3,0,0,Basic,0
CUST0067,7,59.77,2,0,0,Basic,0
CUST0068,44,32.45,1,0,0,Basic,0
CUST0069,8,25.11,1,0,0,Basic,1
CUST0070,47,54.4,1,1,1,Basic,0
CUST0071,35,42.67,3,0,0,Premium,1
CUST0072,14,53.9,3,0,1,Plus,0
CUST0073,17,30.63,0,0,0,Plus,0
CUST0074,36,26.59,1,0,1,Plus,0
CUST0075,50,53.1,2,1,1,Basic,0
CUST0076,40,44.75,0,0,0,Premium,0
CUST0077,4,18.34,1,1,1,Basic,0
CUST0078,2,70.15,0,0,1,Basic,0
CUST0079,6,30.39,1,1,1,Plus,0
CUST0080,54,88.6,3,0,1,Basic,0
CUST0081,42,40.64,2,0,1,Plus,0
CUST0082,4,56.02,1,0,1,Basic,1
CUST0083,54,74.7,2,0,1,Plus,0
CUST0084,29,72.19,2,0,0,Basic,1
CUST0085,18,79.79,1,0,1,Basic,0
CUST0086,26,27.15,1,0,0,Plus,0
CUST0087,44,32.96,4,0,1,Basic,0
CUST0088,34,53.39,2,0,0,Basic,0
CUST0089,10,62.6,1,1,1,Basic,1
CUST0090,36,49.83,1,0,1,Plus,0
CUST0091,14,25.43,2,0,0,Plus,0
CUST0092,31,57.45,0,0,0,Basic,1
CUST0093,48,47.09,2,1,1,Premium,0
CUST0094,15,46.91,3,0,1,Premium,0
CUST0095,8,15.83,1,0,1,Plus,1
CUST0096,14,61.96,3,1,0,Plus,1
CUST0097,23,52.18,2,1,1,Basic,0
CUST0098,57,76.93,1,0,1,Plus,0
CUST0099,40,48.88,0,0,0,Basic,1
CUST0100,21,58.5,3,1,0,Basic,1
CUST0101,16,62.48,1,0,1,Premium,0
CUST0102,45,23.81,3,0,0,Plus,0
CUST0103,18,89.25,2,0,0,Basic,0
CUST0104,47,43.54,2,1,1,Basic,0
CUST0105,53,57.42,0,0,0,Plus,0
CUST0106,24,59.61,1,1,1,Basic,0
CUST0107,26,37.78,2,0,0,Basic,0
CUST0108,25,77.7,3,0,1,Basic,1
CUST0109,45,53.99,1,0,1,Basic,0
CUST0110,41,46.8,2,0,0,Plus,0
CUST0111,29,52.08,1,1,1,Basic,0
CUST0112,15,61.46,0,1,0,Plus,1
CUST0113,45,50.16,1,0,1,Basic,1
CUST0114,1,63.23,0,0,1,Plus,0
CUST0115,25,24.73,0,0,1,Premium,1
CUST0116,7,38.78,2,0,1,Plus,1
CUST0117,9,17.92,1,0,0,Premium,0
CUST0118,24,79.96,0,0,1,Premium,0
CUST0119,1,79.76,2,0,0,Basic,1
CUST0120,44,59.4,1,1,0,Plus,0
CUST0121,8,34.81,1,1,1,Premium,1
CUST0122,24,85.85,1,0,0,Basic,1
CUST0123,11,40.93,2,1,1,Basic,1
CUST0124,51,46.8,2,0,0,Premium,0
CUST0125,17,52.39,3,0,1,Plus,0
CUST0126,8,56.77,0,0,0,Basic,0
CUST0127,35,59.66,3,0,0,Basic,0
CUST0128,35,60.26,0,0,1,Plus,0
CUST0129,33,47.83,4,0,1,Plus,0
CUST0130,59,60.02,0,1,1,Plus,0
CUST0131,5,47.16,1,1,0,Plus,1
CUST0132,42,58.69,0,0,0,Plus,0
CUST0133,39,57.46,1,1,1,Plus,0
CUST0134,58,61.44,2,0,1,Plus,0
CUST0135,41,59.57,2,0,0,Plus,0
CUST0136,28,43.36,4,0,1,Plus,0
CUST0137,7,56.88,1,0,1,Basic,1
CUST0138,9,59.8,2,0,1,Basic,0
CUST0139,8,30.63,0,0,1,Premium,1
CUST0140,12,45.89,0,0,1,Basic,0
CUST0141,34,59.12,3,1,0,Basic,1
CUST0142,33,75.64,0,0,0,Basic,1
CUST0143,48,62.37,2,0,1,Premium,1
CUST0144,55,76.59,3,0,1,Basic,1
CUST0145,23,44.02,0,0,1,Basic,1
CUST0146,24,53.75,1,0,0,Basic,1
CUST0147,37,62.09,1,1,1,Plus,0
CUST0148,35,15.1,1,0,1,Basic,0
CUST0149,44,72.66,2,0,0,Basic,0
CUST0150,40,22.09,0,0,0,Basic,0
CUST0151,22,64.95,2,0,1,Premium,0
CUST0152,27,60.3,1,0,1,Basic,0
CUST0153,35,14.91,3,0,0,Basic,0
CUST0154,1,15.66,1,1,1,Plus,1
CUST0155,35,71.49,0,0,1,Premium,0
CUST0156,37,68.22,3,0,1,Plus,0
CUST0157,47,36.79,0,0,0,Premium,1
CUST0158,14,36.77,1,0,1,Premium,0
CUST0159,3,57.69,1,0,0,Basic,1
CUST0160,1,49.81,0,1,1,Plus,0
CUST0161,5,65.82,2,0,0,Basic,1
CUST0162,26,57.19,0,0,1,Plus,0
CUST0163,55,73.75,1,0,0,Basic,1
CUST0164,14,64.55,1,0,1,Basic,0
CUST0165,39,60.81,6,0,1,Premium,0
CUST0166,27,44.72,2,0,0,Basic,0
CUST0167,9,43.62,2,0,1,Premium,0
CUST0168,15,49.22,0,0,0,Basic,1
CUST0169,15,77.61,0,1,0,Basic,0
CUST0170,26,43.91,1,0,1,Premium,0
CUST0171,42,53.91,1,0,0,Plus,0
CUST0172,13,16.33,1,0,1,Plus,0
CUST0173,51,60.14,1,0,1,Basic,0
CUST0174,32,83.86,1,0,1,Plus,0
CUST0175,39,36.0,3,0,0,Plus,0
CUST0176,49,97.62,4,0,1,Plus,1
CUST0177,52,52.73,1,0,1,Basic,0
CUST0178,32,11.41,3,0,0,Premium,0
CUST0179,4,44.22,0,0,1,Plus,1
CUST0180,30,69.96,2,1,0,Premium,0
CUST0181,37,79.99,0,0,1,Plus,0
CUST0182,23,60.77,1,0,0,Plus,0
CUST0183,39,73.51,1,0,1,Basic,0
CUST0184,45,32.33,1,0,1,Basic,0
CUST0185,15,39.8,2,0,0,Premium,0
CUST0186,43,24.81,1,0,0,Basic,0
CUST0187,29,40.92,0,1,1,Basic,0
CUST0188,36,61.43,3,0,1,Basic,0
CUST0189,13,53.19,1,0,0,Basic,0
CUST0190,32,63.02,1,0,0,Premium,0
CUST0191,7,35.95,2,0,1,Premium,0
CUST0192,59,36.87,2,0,1,Basic,0
CUST0193,51,53.07,2,1,1,Basic,0
CUST0194,22,40.96,0,0,1,Plus,0
CUST0195,28,69.53,2,1,0,Plus,0
CUST0196,2,40.59,1,1,1,Premium,1
CUST0197,42,42.57,2,1,1,Plus,0
CUST0198,45,56.28,1,0,0,Basic,0
CUST0199,57,44.16,3,0,1,Plus,1
CUST0200,53,31.48,2,0,1,Premium,1
CUST0201,6,33.51,1,0,0,Plus,0
CUST0202,28,58.07,0,0,1,Plus,0
CUST0203,28,29.62,1,1,0,Basic,1
CUST0204,44,70.96,2,0,1,Plus,0
CUST0205,44,39.64,3,0,1,Plus,0
CUST0206,20,59.24,0,0,0,Basic,0
CUST0207,30,40.54,1,0,0,Basic,0
CUST0208,11,36.27,2,0,1,Basic,1
CUST0209,58,53.69,3,1,1,Basic,0
CUST0210,55,65.78,1,0,1,Basic,0
CUST0211,28,46.29,1,1,1,Basic,0
CUST0212,25,49.02,3,1,1,Plus,0
CUST0213,39,62.11,2,1,1,Basic,0
CUST0214,33,62.61,2,0,1,Basic,0
CUST0215,1,49.42,2,1,0,Premium,1
CUST0216,57,43.35,3,0,1,Plus,0
CUST0217,27,51.24,2,0,1,Plus,0
CUST0218,57,47.14,3,0,1,Basic,0
CUST0219,52,54.69,1,0,1,Plus,0
CUST0220,13,32.09,0,0,1,Basic,0
CUST0221,41,54.16,0,0,1,Premium,0
CUST0222,3,39.23,0,0,0,Basic,1
CUST0223,39,63.59,3,1,0,Plus,0
CUST0224,6,39.91,4,0,1,Basic,0
CUST0225,8,40.17,0,0,0,Plus,0
CUST0226,27,56.68,3,0,0,Plus,1
CUST0227,9,50.21,2,0,0,Basic,1
CUST0228,37,84.15,2,1,1,Basic,0
CUST0229,33,25.56,0,0,1,Plus,0
CUST0230,51,51.65,3,0,1,Premium,0
CUST0231,42,66.94,1,0,1,Premium,0
CUST0232,44,41.33,2,1,0,Basic,1
CUST0233,24,36.34,1,0,1,Basic,0
CUST0234,15,36.94,1,1,1,Premium,0
CUST0235,59,25.82,1,0,1,Plus,1
CUST0236,54,70.25,1,0,0,Plus,0
CUST0237,32,45.06,1,0,0,Premium,0
CUST0238,32,43.28,3,1,0,Premium,1
CUST0239,24,18.14,1,0,1,Plus,1
CUST0240,41,28.49,2,0,1,Basic,0
CUST0241,52,71.98,0,0,1,Basic,0
CUST0242,49,54.55,3,0,1,Plus,0
CUST0243,49,67.5,1,0,1,Basic,0
CUST0244,58,65.6,0,1,1,Basic,0
CUST0245,52,34.99,1,0,0,Basic,0
CUST0246,12,86.45,2,0,0,Basic,1
CUST0247,39,79.25,0,1,1,Plus,0
CUST0248,2,41.54,0,0,0,Plus,1
CUST0249,3,10.0,2,0,1,Basic,1
CUST0250,49,44.65,1,0,1,Basic,0
CUST0251,37,53.57,1,0,1,Premium,0
CUST0252,49,41.48,2,0,1,Basic,0
CUST0253,56,46.68,1,0,1,Plus,0
CUST0254,17,37.57,2,0,1,Premium,0
CUST0255,59,63.82,1,0,0,Basic,0
CUST0256,49,50.95,0,1,0,Plus,0
CUST0257,2,64.27,4,1,0,Premium,0
CUST0258,2,68.33,0,1,1,Basic,0
CUST0259,28,17.39,1,1,0,Plus,1
CUST0260,54,38.44,2,0,0,Basic,1
CUST0261,23,40.64,0,1,0,Basic,0
CUST0262,37,88.57,2,0,1,Premium,0
CUST0263,32,52.24,2,0,1,Premium,0
CUST0264,33,62.19,2,0,1,Plus,0
CUST0265,1,21.79,1,0,1,Basic,1
CUST0266,19,52.15,2,1,1,Basic,0
CUST0267,2,64.67,2,1,1,Plus,1
CUST0268,53,62.93,1,0,1,Basic,0
CUST0269,44,59.35,3,1,1,Plus,0
CUST0270,26,50.2,2,0,0,Plus,0
CUST0271,32,50.92,1,0,1,Plus,0
CUST0272,6,24.6,2,0,0,Plus,1
CUST0273,32,36.49,2,0,1,Basic,1
CUST0274,55,53.46,3,1,1,Basic,1
CUST0275,4,39.26,2,1,0,Basic,0
CUST0276,55,60.33,2,1,0,Plus,0
CUST0277,11,57.0,3,0,1,Plus,1
CUST0278,56,70.51,3,1,0,Plus,1
CUST0279,59,64.37,3,0,1,Plus,0
CUST0280,17,53.41,1,1,1,Premium,0
CUST0281,38,61.22,0,0,1,Basic,0
CUST0282,24,65.08,1,0,1,Basic,0
CUST0283,5,42.39,1,0,1,Basic,0
CUST0284,52,45.06,1,0,1,Plus,0
CUST0285,34,48.55,1,0,1,Basic,0
CUST0286,6,42.87,3,0,1,Premium,1
CUST0287,22,65.24,3,0,1,Plus,0
CUST0288,11,40.59,2,0,1,Premium,1
CUST0289,48,68.77,3,0,0,Premium,1
CUST0290,16,44.5,1,0,1,Basic,0
CUST0291,33,57.09,0,0,1,Basic,1
CUST0292,9,52.5,0,0,0,Plus,0
CUST0293,59,35.36,1,0,0,Basic,0
CUST0294,6,49.7,0,1,1,Basic,0
CUST0295,16,55.0,0,1,0,Plus,0
CUST0296,29,49.04,5,0,0,Basic,1
CUST0297,3,29.86,2,1,1,Plus,0
CUST0298,20,75.52,1,1,1,Plus,0
CUST0299,59,51.32,1,1,0,Basic,0
CUST0300,36,38.09,3,0,1,Basic,1
CUST0301,19,74.31,0,0,1,Basic,0
CUST0302,26,59.26,2,0,1,Plus,0
CUST0303,3,32.0,1,0,0,Basic,0
CUST0304,19,34.33,1,0,1,Premium,0
CUST0305,20,46.66,2,0,1,Basic,0
CUST0306,32,54.46,2,1,1,Basic,0
CUST0307,7,59.34,0,1,1,Basic,1
CUST0308,52,64.25,1,0,1,Basic,0
CUST0309,41,58.09,3,0,0,Basic,1
CUST0310,33,70.2,0,0,1,Plus,0
CUST0311,40,51.9,0,1,0,Plus,0
CUST0312,39,38.61,2,0,1,Basic,0
CUST0313,18,49.95,4,0,1,Basic,1
CUST0314,40,48.97,2,0,0,Plus,0
CUST0315,1,11.33,1,0,1,Plus,1
CUST0316,11,41.58,1,0,0,Basic,1
CUST0317,28,54.71,0,0,0,Premium,1
CUST0318,57,43.64,3,1,1,Basic,0
CUST0319,25,40.31,3,1,0,Plus,0
CUST0320,50,63.67,1,1,1,Basic,0
CUST0321,23,36.25,0,1,0,Basic,0
CUST0322,31,60.67,4,0,1,Premium,1
CUST0323,30,30.01,1,0,1,Basic,0
CUST0324,42,91.41,1,1,1,Plus,0
CUST0325,35,46.76,2,1,1,Basic,0
CUST0326,7,45.15,5,0,1,Plus,1
CUST0327,16,67.15,3,0,0,Premium,0
CUST0328,26,43.72,0,0,0,Basic,1
CUST0329,48,71.82,4,0,1,Premium,1
CUST0330,57,55.57,1,0,0,Plus,0
CUST0331,52,48.22,0,0,1,Plus,1
CUST0332,49,46.62,1,0,0,Plus,0
CUST0333,2,68.11,2,0,1,Premium,0
CUST0334,1,53.46,3,1,1,Basic,0
CUST0335,48,56.48,1,0,0,Basic,1
CUST0336,12,58.12,2,0,1,Premium,0
CUST0337,5,51.99,2,0,0,Plus,0
CUST0338,37,57.8,1,1,1,Basic,0
CUST0339,32,48.23,2,0,0,Plus,0
CUST0340,59,49.25,3,1,1,Plus,0
CUST0341,55,33.21,2,0,1,Basic,0
CUST0342,9,54.47,2,1,0,Basic,0
CUST0343,41,24.21,2,1,0,Plus,0
CUST0344,35,54.25,2,0,1,Basic,0
CUST0345,19,45.79,0,0,0,Plus,0
CUST0346,48,55.62,0,0,1,Premium,0
CUST0347,16,34.27,4,0,1,Basic,0
CUST0348,3,18.21,1,0,0,Basic,0
CUST0349,20,44.74,4,0,1,Basic,0
CUST0350,24,34.31,2,0,1,Basic,0
CUST0351,54,23.29,1,0,1,Plus,0
CUST0352,56,61.52,1,0,1,Basic,0
CUST0353,33,74.02,2,0,0,Plus,1
CUST0354,24,38.05,1,0,0,Basic,0
CUST0355,52,48.86,0,0,1,Basic,0
CUST0356,11,45.38,2,0,1,Basic,0
CUST0357,49,40.12,1,0,0,Basic,0
CUST0358,8,59.96,0,1,1,Basic,0
CUST0359,36,65.15,1,0,1,Basic,0
CUST0360,38,36.97,2,0,0,Premium,0
CUST0361,40,50.67,2,0,1,Plus,0
CUST0362,20,69.27,3,1,0,Basic,0
CUST0363,35,60.34,3,1,1,Basic,0
CUST0364,48,62.57,0,1,0,Basic,0
CUST0365,25,70.52,0,0,1,Basic,0
CUST0366,35,70.32,4,0,0,Basic,0
CUST0367,25,65.43,0,0,1,Basic,0
CUST0368,29,52.17,3,0,1,Basic,0
CUST0369,18,44.26,2,1,0,Basic,0
CUST0370,46,51.55,2,0,1,Basic,0
CUST0371,18,41.98,4,1,1,Basic,0
CUST0372,2,20.71,2,0,0,Plus,0
CUST0373,54,45.81,1,1,1,Basic,0
CUST0374,35,55.36,3,0,0,Basic,1
CUST0375,16,41.19,2,0,1,Plus,0
CUST0376,41,47.11,3,0,1,Premium,0
CUST0377,36,47.69,1,0,1,Premium,0
CUST0378,33,70.35,1,0,0,Plus,0
CUST0379,4,44.61,4,1,1,Basic,1
CUST0380,33,70.35,3,0,1,Plus,1
CUST0381,14,10.0,2,0,1,Plus,0
CUST0382,21,70.22,3,0,1,Basic,0
CUST0383,48,69.46,2,0,1,Plus,0
CUST0384,20,63.53,1,1,0,Premium,0
CUST0385,56,19.82,2,1,0,Basic,1
CUST0386,8,65.28,2,1,0,Basic,0
CUST0387,7,49.25,2,1,0,Basic,1
CUST0388,3,12.06,0,1,0,Basic,0
CUST0389,17,69.47,0,0,0,Basic,0
CUST0390,33,71.66,0,1,0,Plus,0
CUST0391,48,21.43,2,0,0,Plus,0
CUST0392,12,52.63,4,0,0,Basic,1
CUST0393,59,70.83,2,0,0,Premium,0
CUST0394,51,68.45,1,1,0,Basic,0
CUST0395,22,62.54,6,1,1,Basic,0
CUST0396,55,10.29,1,0,1,Plus,0
CUST0397,22,60.94,1,1,0,Plus,0
CUST0398,46,46.73,1,1,1,Plus,0
CUST0399,30,64.94,2,0,0,Premium,1
CUST0400,38,53.84,1,0,0,Plus,0
CUST0401,38,49.7,1,1,0,Premium,0
CUST0402,45,59.61,1,0,1,Basic,0
CUST0403,51,47.42,4,0,1,Plus,0
CUST0404,54,49.64,1,0,0,Premium,1
CUST0405,8,41.67,0,0,0,Plus,0
CUST0406,27,25.92,0,1,1,Basic,0
CUST0407,27,58.52,1,0,0,Plus,1
CUST0408,34,37.91,3,1,0,Plus,1
CUST0409,21,46.99,5,1,1,Basic,0
CUST0410,30,54.3,2,1,1,Premium,0
CUST0411,33,18.72,1,0,1,Basic,0
CUST0412,28,22.08,1,0,1,Basic,1
CUST0413,47,45.5,2,0,0,Premium,0
CUST0414,33,56.82,1,0,0,Basic,0
CUST0415,5,61.16,1,1,1,Basic,0
CUST0416,48,26.13,3,0,0,Plus,1
CUST0417,19,59.55,4,0,1,Plus,0
CUST0418,4,46.32,1,0,1,Basic,1
CUST0419,35,36.75,1,1,1,Premium,0
CUST0420,49,40.27,2,1,0,Plus,1
CUST0421,17,62.03,2,0,1,Plus,0
CUST0422,44,54.11,1,1,1,Plus,0
CUST0423,28,50.75,2,0,1,Plus,0
CUST0424,30,53.65,2,0,0,Basic,0
CUST0425,29,63.92,0,1,0,Basic,0
CUST0426,46,48.54,2,0,0,Plus,0
CUST0427,53,50.81,2,1,0,Premium,0
CUST0428,6,67.07,0,0,0,Basic,0
CUST0429,35,45.03,2,0,1,Plus,1
CUST0430,41,59.27,0,1,1,Premium,0
CUST0431,37,42.44,0,0,0,Basic,0
CUST0432,24,43.76,2,1,1,Basic,0
CUST0433,29,48.44,0,1,0,Basic,0
CUST0434,49,57.73,2,0,1,Plus,0
CUST0435,46,67.91,2,0,1,Basic,1
CUST0436,53,51.45,2,0,1,Basic,0
CUST0437,31,27.5,1,0,1,Plus,0
CUST0438,35,59.47,2,0,0,Plus,0
CUST0439,33,86.81,0,0,0,Basic,0
CUST0440,52,51.63,2,0,1,Basic,0
CUST0441,21,24.37,1,0,1,Plus,0
CUST0442,32,52.54,1,1,0,Premium,0
CUST0443,23,49.95,1,1,0,Premium,0
CUST0444,33,48.69,1,1,1,Plus,0
CUST0445,3,64.18,1,0,0,Basic,0
CUST0446,18,70.67,2,1,1,Basic,0
CUST0447,25,60.25,3,0,1,Basic,1
CUST0448,42,48.0,2,1,0,Basic,0
CUST0449,31,66.89,0,1,0,Plus,1
CUST0450,54,27.59,0,0,1,Basic,0
CUST0451,58,39.26,1,0,1,Basic,0
CUST0452,3,40.93,0,1,1,Premium,1
CUST0453,40,49.54,2,1,0,Basic,0
CUST0454,46,57.6,0,1,0,Basic,0
CUST0455,24,46.99,0,0,1,Basic,0
CUST0456,50,36.41,0,0,1,Plus,0
CUST0457,32,64.62,1,0,0,Plus,0
CUST0458,47,46.47,0,1,1,Basic,0
CUST0459,22,51.53,3,0,0,Plus,0
CUST0460,23,58.27,1,1,0,Plus,0
CUST0461,2,50.58,1,0,0,Premium,1
CUST0462,27,50.65,1,0,0,Premium,0
CUST0463,42,65.46,1,0,1,Premium,0
CUST0464,2,52.27,3,1,1,Plus,1
CUST0465,26,62.94,2,0,1,Basic,0
CUST0466,17,58.17,2,0,1,Basic,0
CUST0467,40,80.25,1,0,0,Basic,0
CUST0468,33,56.14,0,0,0,Plus,0
CUST0469,9,59.57,3,0,0,Premium,1
CUST0470,43,66.52,4,1,0,Plus,0
CUST0471,54,50.95,2,0,1,Basic,0
CUST0472,48,40.43,4,0,1,Plus,1
CUST0473,39,42.89,1,1,1,Premium,0
CUST0474,29,43.03,0,1,0,Plus,0
CUST0475,42,35.75,0,0,0,Premium,0
CUST0476,55,54.77,1,0,1,Premium,1
CUST0477,26,40.56,2,1,0,Premium,0
CUST0478,35,52.92,2,1,1,Plus,0
CUST0479,50,47.62,1,1,1,Plus,0
CUST0480,25,49.38,2,0,0,Basic,1
CUST0481,24,58.34,0,0,1,Basic,1
CUST0482,13,41.87,3,1,1,Plus,0
CUST0483,58,59.58,0,0,0,Basic,0
CUST0484,7,73.51,4,0,1,Premium,1
CUST0485,57,55.15,2,1,0,Basic,0
CUST0486,36,38.27,2,0,0,Premium,0
CUST0487,45,40.77,3,0,1,Basic,1
CUST0488,20,46.28,1,0,1,Basic,0
CUST0489,1,41.08,1,0,0,Premium,0
CUST0490,8,35.13,3,0,0,Basic,1
CUST0491,46,52.32,2,1,1,Basic,0
CUST0492,16,46.68,1,0,1,Basic,1
CUST0493,14,52.85,1,0,1,Plus,0
CUST0494,12,67.8,2,1,0,Basic,0
CUST0495,51,46.45,0,0,1,Plus,0
CUST0496,23,32.22,3,0,0,Plus,0
CUST0497,15,44.02,2,1,1,Plus,0
CUST0498,28,61.56,2,1,0,Plus,0
CUST0499,34,60.15,0,0,1,Plus,0
CUST0500,2,57.78,0,1,0,Basic,1
CUST0501,32,40.63,0,0,1,Premium,0
CUST0502,23,61.28,2,1,0,Basic,0
CUST0503,22,64.65,1,0,0,Plus,0
CUST0504,51,39.57,2,1,1,Basic,0
CUST0505,25,49.38,0,0,1,Premium,0
CUST0506,58,80.31,3,0,1,Basic,1
CUST0507,22,38.9,1,0,0,Basic,0
CUST0508,58,24.42,3,0,1,Plus,0
CUST0509,58,70.74,3,1,1,Plus,0
CUST0510,22,67.05,1,0,0,Basic,0
CUST0511,49,43.15,4,0,0,Plus,1
CUST0512,52,48.31,2,0,1,Plus,0
CUST0513,42,31.63,2,0,1,Premium,0
CUST0514,6,51.33,2,1,1,Plus,1
CUST0515,15,67.49,1,1,1,Basic,0
CUST0516,54,41.86,1,0,1,Basic,0
CUST0517,43,63.16,0,1,0,Premium,0
CUST0518,37,56.96,2,1,1,Premium,0
CUST0519,33,58.67,0,0,1,Basic,0
CUST0520,8,42.74,2,0,0,Basic,0
CUST0521,53,44.68,2,1,1,Plus,0
CUST0522,44,22.3,1,0,0,Basic,0
CUST0523,44,41.5,2,1,1,Basic,0
CUST0524,5,67.45,2,0,0,Basic,0
CUST0525,39,36.06,2,0,0,Basic,0
CUST0526,4,38.3,3,0,0,Basic,0
CUST0527,6,59.6,1,0,1,Plus,1
CUST0528,45,56.04,3,1,0,Basic,0
CUST0529,32,60.35,2,0,1,Basic,0
CUST0530,52,32.55,0,0,1,Basic,0
CUST0531,30,88.46,2,1,1,Basic,0
CUST0532,47,31.76,2,0,0,Basic,0
CUST0533,35,52.31,2,0,1,Basic,0
CUST0534,55,47.62,0,1,0,Plus,0
CUST0535,40,32.2,0,1,1,Basic,0
CUST0536,52,44.45,1,0,0,Basic,0
CUST0537,16,50.35,0,0,1,Basic,0
CUST0538,13,40.25,2,0,1,Plus,0
CUST0539,50,64.06,4,0,1,Premium,0
CUST0540,42,47.58,3,0,1,Basic,0
CUST0541,30,29.88,3,0,0,Premium,0
CUST0542,19,28.61,1,0,0,Basic,0
CUST0543,17,59.09,2,0,1,Premium,1
CUST0544,56,27.7,3,0,1,Basic,1
CUST0545,19,54.75,1,0,0,Plus,0
CUST0546,28,56.67,2,1,1,Plus,0
CUST0547,58,35.07,2,1,1,Basic,0
CUST0548,55,63.36,3,0,1,Premium,0
CUST0549,26,24.23,1,0,0,Plus,1
CUST0550,37,54.45,1,0,0,Basic,0
CUST0551,26,49.39,2,0,0,Basic,1
CUST0552,53,48.22,1,0,1,Basic,1
CUST0553,23,32.33,4,0,1,Premium,0
CUST0554,9,35.94,1,0,1,Plus,0
CUST0555,12,74.28,3,1,1,Basic,0
CUST0556,53,68.23,2,0,1,Plus,0
CUST0557,1,61.13,0,0,1,Premium,1
CUST0558,58,64.1,1,1,1,Plus,0
CUST0559,58,62.69,1,0,0,Plus,0
CUST0560,1,45.15,2,0,1,Plus,0
CUST0561,47,50.71,4,0,1,Basic,0
CUST0562,34,27.91,2,0,0,Basic,0
CUST0563,32,48.65,1,1,0,Premium,0
CUST0564,54,67.75,1,0,0,Basic,0
CUST0565,48,40.09,4,0,1,Premium,1
CUST0566,25,65.35,2,0,1,Basic,0
CUST0567,40,51.37,5,0,1,Basic,1
CUST0568,45,29.22,3,1,1,Premium,0
CUST0569,53,33.39,0,1,0,Plus,0
CUST0570,1,63.79,5,0,0,Basic,1
CUST0571,16,58.29,1,0,0,Plus,0
CUST0572,39,51.53,0,0,1,Plus,0
CUST0573,5,45.89,1,1,0,Plus,0
CUST0574,22,53.16,2,0,1,Basic,0
CUST0575,29,63.2,1,0,1,Premium,0
CUST0576,55,72.14,2,0,1,Premium,0
CUST0577,3,72.86,1,0,0,Basic,1
CUST0578,12,55.58,0,0,1,Premium,0
CUST0579,26,47.42,1,0,1,Premium,0
CUST0580,16,52.19,4,0,0,Plus,0
CUST0581,51,57.83,2,0,1,Plus,0
CUST0582,37,57.77,1,0,1,Basic,0
CUST0583,22,69.62,1,1,0,Basic,0
CUST0584,57,81.74,3,0,1,Plus,0
CUST0585,29,46.92,1,0,0,Premium,0
CUST0586,14,82.34,2,0,1,Plus,0
CUST0587,28,67.58,3,0,0,Plus,0
CUST0588,5,48.49,0,0,1,Basic,1
CUST0589,47,72.48,0,1,0,Basic,0
CUST0590,49,75.28,0,0,1,Basic,0
CUST0591,30,43.1,2,1,1,Basic,0
CUST0592,46,75.98,1,0,1,Plus,0
CUST0593,52,66.13,2,0,1,Basic,1
CUST0594,5,85.53,0,0,1,Plus,1
CUST0595,12,43.64,2,0,0,Basic,0
CUST0596,16,44.7,1,1,0,Plus,0
CUST0597,26,19.6,0,1,1,Plus,0
CUST0598,26,58.57,1,1,0,Basic,0
CUST0599,48,55.63,3,1,0,Basic,0
CUST0600,21,41.56,2,1,1,Basic,0
CUST0601,39,48.77,2,0,0,Premium,1
CUST0602,36,30.33,0,0,0,Basic,1
CUST0603,33,67.98,5,0,1,Plus,1
CUST0604,30,42.65,1,0,1,Premium,0
CUST0605,37,96.41,1,1,1,Plus,0
CUST0606,23,47.37,3,0,1,Basic,0
CUST0607,58,38.61,2,0,1,Premium,0
CUST0608,10,43.82,2,0,1,Basic,0
CUST0609,54,28.82,1,0,0,Basic,1
CUST0610,5,57.23,1,0,0,Premium,1
CUST0611,36,43.7,5,0,1,Plus,1
CUST0612,34,66.97,1,0,1,Basic,0
CUST0613,52,45.88,0,0,1,Basic,1
CUST0614,31,70.77,1,0,0,Basic,0
CUST0615,10,61.36,3,0,0,Plus,0
CUST0616,58,50.43,3,0,1,Basic,0
CUST0617,19,73.7,2,0,0,Premium,0
CUST0618,58,64.28,1,0,1,Premium,1
CUST0619,32,94.19,8,0,0,Premium,1
CUST0620,1,43.86,0,0,0,Basic,0
CUST0621,56,51.15,2,0,1,Plus,0
CUST0622,5,73.53,4,0,1,Premium,0
CUST0623,45,26.85,0,0,0,Premium,1
CUST0624,4,69.75,0,0,0,Basic,1
CUST0625,16,56.59,1,1,1,Basic,0
CUST0626,24,36.68,0,0,0,Basic,0
CUST0627,16,29.55,2,1,1,Plus,0
CUST0628,55,39.91,0,0,1,Plus,0
CUST0629,2,15.73,1,0,0,Premium,1
CUST0630,49,42.66,2,0,1,Basic,1
CUST0631,28,59.34,1,0,0,Basic,0
CUST0632,32,42.86,3,0,1,Basic,0
CUST0633,27,70.82,3,0,0,Basic,0
CUST0634,20,74.9,2,0,1,Basic,0
CUST0635,24,69.13,1,0,0,Plus,1
CUST0636,12,53.46,2,0,0,Plus,0
CUST0637,50,15.13,4,0,1,Plus,0
CUST0638,35,39.44,1,0,1,Basic,0
CUST0639,33,47.87,2,0,1,Basic,0
CUST0640,33,36.59,2,1,0,Basic,0
CUST0641,51,47.91,3,1,1,Premium,0
CUST0642,43,74.15,0,1,0,Basic,0
CUST0643,37,25.31,0,0,0,Premium,0
CUST0644,12,77.18,3,1,1,Basic,0
CUST0645,3,63.27,1,1,0,Premium,0
CUST0646,1,54.02,0,0,1,Premium,0
CUST0647,33,39.3,1,0,1,Basic,1
CUST0648,40,36.89,5,1,1,Plus,0
CUST0649,10,25.61,2,0,1,Basic,1
CUST0650,43,75.75,1,0,1,Premium,1
CUST0651,44,73.06,2,0,0,Basic,0
CUST0652,29,28.91,1,0,1,Basic,0
CUST0653,13,41.71,1,1,0,Plus,0
CUST0654,12,56.5,2,0,0,Premium,0
CUST0655,31,45.51,3,0,1,Basic,1
CUST0656,46,21.22,1,0,1,Plus,0
CUST0657,2,40.13,0,0,1,Basic,0
CUST0658,51,79.27,0,0,0,Basic,1
CUST0659,50,41.15,4,0,1,Plus,0
CUST0660,35,47.55,0,1,0,Basic,0
CUST0661,23,32.82,1,0,1,Basic,0
CUST0662,17,58.82,3,0,1,Premium,1
CUST0663,26,51.73,2,0,1,Basic,0
CUST0664,8,38.87,0,0,0,Plus,1
CUST0665,29,30.43,1,1,0,Basic,0
CUST0666,26,71.07,1,1,0,Basic,0
CUST0667,10,25.92,3,1,1,Basic,0
CUST0668,26,57.56,0,0,1,Plus,0
CUST0669,34,17.69,0,0,0,Plus,0
CUST0670,51,60.61,0,0,1,Basic,0
CUST0671,41,64.55,0,0,1,Basic,0
CUST0672,7,66.42,1,1,1,Premium,1
CUST0673,4,47.58,0,1,1,Basic,0
CUST0674,58,73.76,2,1,1,Premium,0
CUST0675,53,84.62,2,1,0,Basic,0
CUST0676,50,45.18,2,1,0,Plus,0
CUST0677,45,43.23,2,0,0,Basic,0
CUST0678,11,52.24,3,0,1,Premium,1
CUST0679,29,42.83,2,0,1,Plus,0
CUST0680,56,40.64,1,0,1,Basic,0
CUST0681,36,41.95,0,0,0,Basic,0
CUST0682,25,75.74,3,0,1,Plus,0
CUST0683,21,61.58,1,1,0,Plus,0
CUST0684,57,42.79,1,0,0,Basic,1
CUST0685,36,13.17,1,1,1,Basic,0
CUST0686,10,26.83,2,1,1,Premium,1
CUST0687,37,57.55,0,0,1,Basic,0
CUST0688,9,18.18,0,0,1,Plus,1
CUST0689,24,54.39,3,0,0,Basic,1
CUST0690,35,34.02,2,1,0,Premium,0
CUST0691,49,51.38,3,1,0,Premium,1
CUST0692,35,50.96,1,1,1,Premium,0
CUST0693,48,51.81,2,0,1,Basic,0
CUST0694,36,44.08,5,0,0,Premium,1
CUST0695,18,43.59,5,0,1,Basic,0
CUST0696,49,39.19,0,1,0,Plus,0
CUST0697,39,57.26,1,0,0,Plus,1
CUST0698,32,62.08,2,0,1,Basic,0
CUST0699,24,31.72,3,0,0,Premium,0
CUST0700,23,49.23,2,0,1,Basic,0
CUST0701,32,52.95,3,0,1,Plus,1
CUST0702,37,52.76,1,0,1,Plus,0
CUST0703,12,52.5,1,0,0,Plus,0
CUST0704,49,43.97,1,0,0,Basic,0
CUST0705,55,54.19,3,1,1,Basic,0
CUST0706,13,59.27,1,1,0,Premium,0
CUST0707,23,52.12,1,0,0,Basic,0
CUST0708,25,57.59,1,1,1,Basic,0
CUST0709,35,64.86,0,0,1,Basic,0
CUST0710,41,22.24,1,0,1,Basic,1
CUST0711,30,64.15,6,1,0,Premium,0
CUST0712,17,55.14,4,1,1,Basic,0
CUST0713,49,33.33,3,1,0,Plus,1
CUST0714,20,62.04,3,0,0,Basic,0
CUST0715,48,44.03,1,0,1,Basic,0
CUST0716,25,46.07,3,1,1,Basic,0
CUST0717,22,42.38,1,0,1,Basic,0
CUST0718,13,54.54,5,0,1,Basic,0
CUST0719,59,38.22,1,1,1,Plus,0
CUST0720,19,63.52,2,1,1,Basic,0
CUST0721,49,47.92,3,1,1,Basic,0
CUST0722,36,44.54,0,0,1,Basic,0
CUST0723,12,61.29,2,1,1,Basic,0
CUST0724,41,45.21,4,0,1,Premium,0
CUST0725,19,64.22,2,0,1,Plus,0
CUST0726,12,64.69,0,0,0,Basic,0
CUST0727,9,29.98,1,0,1,Basic,1
CUST0728,7,66.64,1,0,0,Premium,0
CUST0729,28,28.07,1,0,1,Basic,0
CUST0730,14,67.57,3,0,0,Premium,0
CUST0731,31,80.43,1,0,1,Basic,0
CUST0732,52,63.12,2,0,1,Premium,0
CUST0733,19,17.65,2,0,0,Premium,0
CUST0734,58,65.95,2,0,0,Plus,1
CUST0735,47,83.69,2,1,0,Basic,1
CUST0736,16,45.45,0,1,1,Basic,0
CUST0737,53,49.48,2,0,0,Basic,0
CUST0738,5,32.17,5,1,0,Basic,0
CUST0739,35,54.68,0,0,0,Basic,1
CUST0740,12,69.04,1,0,1,Basic,0
CUST0741,25,60.47,1,1,0,Plus,0
CUST0742,52,97.13,2,0,1,Plus,0
CUST0743,59,50.5,0,1,0,Basic,0
CUST0744,21,25.54,0,0,1,Basic,0
CUST0745,36,52.56,2,1,0,Premium,0
CUST0746,53,13.75,0,0,1,Basic,0
CUST0747,23,42.0,1,0,0,Plus,0
CUST0748,16,74.37,4,0,1,Basic,0
CUST0749,57,54.88,2,1,1,Basic,0
CUST0750,39,52.69,2,0,1,Basic,0
CUST0751,45,77.31,0,1,1,Basic,0
CUST0752,53,45.94,3,0,1,Premium,0
CUST0753,42,68.93,2,0,1,Plus,0
CUST0754,58,51.94,1,0,1,Basic,0
CUST0755,39,55.7,2,0,0,Premium,0
CUST0756,14,31.74,3,1,1,Basic,1
CUST0757,31,42.77,1,0,1,Premium,0
CUST0758,58,29.04,0,0,0,Premium,0
CUST0759,5,48.57,0,0,0,Basic,1
CUST0760,35,55.86,1,0,0,Basic,1
CUST0761,23,33.35,3,1,1,Basic,1
CUST0762,29,80.74,2,0,0,Plus,0
CUST0763,43,54.17,1,0,0,Plus,0
CUST0764,11,50.87,0,1,0,Premium,0
CUST0765,18,61.54,0,1,1,Plus,0
CUST0766,47,37.57,1,0,1,Basic,0
CUST0767,12,52.45,1,0,0,Basic,0
CUST0768,9,39.25,5,0,0,Plus,1
CUST0769,10,73.38,4,0,0,Basic,1
CUST0770,58,34.12,2,1,1,Plus,0
CUST0771,44,50.95,1,0,1,Basic,0
CUST0772,17,54.94,0,0,1,Basic,0
CUST0773,38,55.92,0,0,0,Basic,1
CUST0774,7,41.28,0,0,1,Plus,0
CUST0775,46,36.57,1,0,1,Basic,0
CUST0776,13,41.5,2,0,0,Plus,1
CUST0777,40,57.92,3,0,0,Basic,1
CUST0778,42,47.84,2,0,0,Plus,1
CUST0779,9,61.94,0,0,1,Plus,0
CUST0780,50,57.16,1,0,1,Basic,0
CUST0781,27,15.85,3,0,1,Plus,1
CUST0782,58,53.71,0,0,1,Basic,0
CUST0783,2,83.76,0,0,0,Basic,1
CUST0784,5,69.88,3,0,1,Basic,1
CUST0785,29,56.33,0,0,1,Plus,0
CUST0786,37,34.11,0,0,0,Premium,0
CUST0787,38,57.16,1,1,1,Plus,0
CUST0788,19,61.1,3,1,0,Plus,0
CUST0789,8,46.19,1,1,0,Plus,1
CUST0790,48,54.75,1,0,1,Basic,0
CUST0791,45,72.64,2,1,1,Premium,0
CUST0792,1,37.14,1,0,1,Basic,0
CUST0793,22,34.13,1,0,0,Premium,0
CUST0794,52,60.39,2,0,1,Plus,0
CUST0795,17,56.86,2,1,1,Plus,0
CUST0796,7,65.43,1,0,1,Plus,0
CUST0797,25,58.55,4,0,1,Basic,0
CUST0798,45,41.48,1,1,1,Plus,0
CUST0799,4,56.48,0,1,0,Basic,0
CUST0800,36,32.87,1,0,1,Plus,0
CUST0801,6,46.25,0,0,0,Plus,0
CUST0802,31,57.54,1,0,0,Premium,0
CUST0803,19,44.59,0,1,1,Plus,0
CUST0804,44,87.02,2,0,1,Basic,0
CUST0805,54,21.62,2,0,0,Basic,0
CUST0806,39,41.79,2,1,1,Plus,0
CUST0807,27,35.93,1,0,0,Basic,0
CUST0808,10,39.49,1,0,1,Basic,1
CUST0809,26,40.36,0,0,1,Premium,0
CUST0810,19,30.1,1,0,1,Plus,0
CUST0811,39,61.29,2,0,0,Plus,0
CUST0812,3,41.79,2,0,1,Basic,1
CUST0813,45,52.45,2,0,1,Plus,0
CUST0814,13,43.48,2,0,1,Basic,0
CUST0815,50,39.64,1,0,1,Plus,0
CUST0816,28,75.08,2,1,1,Basic,0
CUST0817,58,63.84,4,1,0,Premium,0
CUST0818,20,21.98,1,0,1,Basic,1
CUST0819,28,20.39,0,0,1,Basic,1
CUST0820,8,65.64,3,0,0,Plus,1
CUST0821,41,42.2,2,1,1,Plus,0
CUST0822,39,25.26,2,0,0,Basic,1
CUST0823,1,65.69,1,1,1,Plus,0
CUST0824,3,52.54,1,0,1,Basic,1
CUST0825,13,53.77,0,1,0,Premium,0
CUST0826,28,62.14,2,1,1,Premium,0
CUST0827,57,30.35,2,1,0,Basic,0
CUST0828,49,25.53,2,0,0,Premium,0
CUST0829,25,73.71,2,0,0,Basic,0
CUST0830,56,28.44,1,0,1,Basic,1
CUST0831,33,31.67,0,0,0,Premium,1
CUST0832,38,34.66,1,0,1,Plus,0
CUST0833,53,81.2,1,0,1,Basic,0
CUST0834,6,57.4,2,0,0,Basic,0
CUST0835,58,64.48,1,0,1,Basic,0
CUST0836,44,52.94,0,0,1,Premium,0
CUST0837,45,40.97,1,0,1,Basic,0
CUST0838,32,59.47,1,1,0,Basic,0
CUST0839,45,26.65,4,0,0,Basic,1
CUST0840,47,33.57,1,0,0,Basic,1
CUST0841,21,60.99,1,0,0,Basic,0
CUST0842,16,29.64,0,1,0,Basic,0
CUST0843,54,47.16,0,0,0,Basic,0
CUST0844,21,47.85,3,0,0,Basic,0
CUST0845,11,42.07,1,0,0,Premium,0
CUST0846,37,20.73,0,0,0,Basic,0
CUST0847,36,40.57,1,0,0,Plus,0
CUST0848,35,37.63,0,1,1,Plus,0
CUST0849,19,52.42,1,1,0,Premium,0
CUST0850,20,51.66,0,0,1,Premium,0
CUST0851,57,55.67,0,0,0,Basic,0
CUST0852,18,39.86,0,0,1,Basic,0
CUST0853,47,57.84,0,0,0,Basic,0
CUST0854,41,26.66,1,0,1,Basic,0
CUST0855,49,22.67,1,0,1,Plus,0
CUST0856,14,14.97,4,1,0,Plus,1
CUST0857,15,42.51,2,1,1,Premium,0
CUST0858,31,38.7,0,0,1,Basic,0
CUST0859,1,61.84,2,0,0,Premium,0
CUST0860,53,40.27,2,0,1,Basic,0
CUST0861,54,54.1,0,0,1,Basic,0
CUST0862,54,62.2,0,0,1,Basic,1
CUST0863,3,39.71,2,0,0,Plus,0
CUST0864,16,54.47,1,1,1,Basic,0
CUST0865,23,65.03,2,1,1,Premium,0
CUST0866,57,31.43,1,0,1,Premium,1
CUST0867,11,50.37,0,0,1,Premium,1
CUST0868,12,39.77,3,0,0,Basic,1
CUST0869,10,32.38,1,0,1,Premium,1
CUST0870,32,26.95,0,0,0,Plus,0
CUST0871,16,32.14,2,0,0,Basic,0
CUST0872,8,50.9,0,0,1,Basic,0
CUST0873,38,25.84,1,0,1,Basic,1
CUST0874,12,41.74,2,1,0,Basic,0
CUST0875,24,62.2,0,0,1,Plus,1
CUST0876,28,56.74,2,0,0,Premium,1
CUST0877,53,42.04,3,0,1,Basic,0
CUST0878,8,75.35,2,0,1,Plus,0
CUST0879,58,78.4,2,0,0,Premium,0
CUST0880,28,50.39,1,1,0,Basic,0
CUST0881,36,12.97,0,1,0,Premium,0
CUST0882,26,63.3,0,0,1,Plus,1
CUST0883,8,15.59,2,0,0,Plus,0
CUST0884,58,72.14,2,0,0,Basic,0
CUST0885,50,66.25,4,0,1,Plus,0
CUST0886,28,76.61,0,1,1,Basic,0
CUST0887,28,53.9,1,0,0,Plus,0
CUST0888,37,44.58,1,0,1,Basic,0
CUST0889,41,43.25,0,0,0,Premium,0
CUST0890,36,41.81,3,0,1,Basic,0
CUST0891,27,64.72,0,1,0,Basic,0
CUST0892,54,60.68,1,0,0,Plus,1
CUST0893,17,51.8,0,1,1,Basic,0
CUST0894,9,39.17,2,0,0,Plus,0
CUST0895,33,89.44,2,1,1,Premium,0
CUST0896,53,63.69,1,0,0,Plus,0
CUST0897,20,26.03,0,0,0,Basic,1
CUST0898,13,42.26,1,1,1,Plus,0
CUST0899,28,63.98,1,0,1,Plus,0
CUST0900,48,38.01,2,0,1,Premium,0
CUST0901,29,55.27,0,0,0,Basic,0
CUST0902,13,64.26,3,1,0,Basic,1
CUST0903,46,10.0,3,0,0,Plus,1
CUST0904,35,48.38,2,1,0,Basic,0
CUST0905,6,48.97,2,0,1,Basic,1
CUST0906,18,43.82,0,0,1,Basic,0
CUST0907,51,54.53,1,1,0,Premium,0
CUST0908,5,59.86,1,0,0,Premium,0
CUST0909,47,52.13,2,1,0,Plus,0
CUST0910,25,44.39,6,1,0,Basic,1
CUST0911,2,59.49,3,0,0,Basic,1
CUST0912,10,50.74,1,0,1,Premium,0
CUST0913,56,46.54,2,0,1,Premium,0
CUST0914,30,30.32,1,1,1,Premium,0
CUST0915,50,26.56,3,1,1,Plus,0
CUST0916,59,30.03,0,0,1,Basic,0
CUST0917,45,54.17,3,0,1,Premium,0
CUST0918,5,48.81,2,0,0,Basic,1
CUST0919,55,27.8,1,1,1,Basic,0
CUST0920,56,59.69,1,0,1,Plus,0
CUST0921,33,70.61,1,0,0,Basic,0
CUST0922,54,41.02,0,0,1,Basic,0
CUST0923,1,23.89,0,1,0,Basic,0
CUST0924,18,39.36,6,0,1,Basic,1
CUST0925,32,62.82,2,0,1,Premium,0
CUST0926,47,58.23,1,0,1,Basic,0
CUST0927,49,36.16,0,0,1,Basic,0
CUST0928,11,72.82,0,1,1,Basic,0
CUST0929,21,70.22,3,1,1,Basic,1
CUST0930,26,39.0,0,0,1,Basic,0
CUST0931,25,38.85,2,0,1,Plus,0
CUST0932,22,41.11,1,0,1,Basic,0
CUST0933,59,42.39,3,0,1,Plus,0
CUST0934,27,64.26,2,1,1,Premium,0
CUST0935,49,56.38,0,0,1,Plus,0
CUST0936,13,63.16,1,0,1,Basic,0
CUST0937,33,60.1,3,0,1,Basic,0
CUST0938,34,75.72,3,0,0,Premium,1
CUST0939,41,34.11,2,0,0,Plus,1
CUST0940,35,55.71,1,0,1,Premium,0
CUST0941,1,17.39,1,0,0,Premium,1
CUST0942,21,30.25,1,1,0,Premium,1
CUST0943,48,48.88,4,0,1,Premium,1
CUST0944,55,56.27,0,0,0,Plus,1
CUST0945,6,48.47,0,1,0,Basic,0
CUST0946,28,41.49,2,0,1,Premium,0
CUST0947,17,44.16,1,1,1,Plus,0
CUST0948,5,70.54,2,0,1,Basic,0
CUST0949,31,44.24,2,0,1,Plus,0
CUST0950,5,76.24,1,0,1,Plus,1
CUST0951,38,61.91,4,0,0,Premium,1
CUST0952,3,56.86,6,0,1,Plus,0
CUST0953,53,32.1,4,1,1,Basic,0
CUST0954,23,64.03,1,0,0,Premium,0
CUST0955,37,42.59,2,0,0,Premium,0
CUST0956,53,32.08,2,0,1,Plus,0
CUST0957,37,57.69,0,0,0,Basic,0
CUST0958,10,29.18,0,0,1,Basic,0
CUST0959,10,38.57,0,0,0,Plus,0
CUST0960,19,49.85,1,1,1,Basic,0
CUST0961,17,83.28,0,1,1,Basic,0
CUST0962,21,39.7,4,0,0,Plus,1
CUST0963,14,43.13,2,0,0,Basic,0
CUST0964,9,60.99,1,1,1,Basic,0
CUST0965,46,31.43,2,1,1,Basic,0
CUST0966,1,56.64,0,0,1,Basic,1
CUST0967,51,68.09,0,1,1,Plus,0
CUST0968,45,45.39,1,0,1,Basic,0
CUST0969,13,65.39,0,1,0,Basic,1
CUST0970,4,54.37,2,0,0,Plus,1
CUST0971,1,39.04,1,0,0,Premium,0
CUST0972,49,47.03,2,1,1,Plus,0
CUST0973,40,44.3,0,0,0,Basic,0
CUST0974,32,48.69,1,0,0,Basic,0
CUST0975,34,52.29,0,0,1,Premium,0
CUST0976,28,58.82,1,1,1,Basic,0
CUST0977,31,57.63,2,1,0,Plus,0
CUST0978,8,13.52,0,1,0,Basic,1
CUST0979,39,48.54,0,0,1,Basic,0
CUST0980,26,27.36,3,1,1,Premium,0
CUST0981,58,45.86,2,0,1,Plus,0
CUST0982,34,48.14,2,0,0,Plus,0
CUST0983,54,64.64,3,1,1,Basic,0
CUST0984,54,49.55,1,0,1,Basic,1
CUST0985,3,53.89,1,0,0,Plus,0
CUST0986,59,61.9,2,0,1,Plus,0
CUST0987,50,68.42,3,0,0,Basic,0
CUST0988,12,48.15,1,1,0,Basic,0
CUST0989,1,51.41,1,0,1,Basic,0
CUST0990,54,50.15,2,1,0,Premium,0
CUST0991,44,41.86,1,0,0,Plus,0
CUST0992,5,38.46,1,0,1,Premium,0
CUST0993,30,15.92,1,0,1,Basic,0
CUST0994,30,33.85,0,1,1,Premium,0
CUST0995,59,23.32,0,0,1,Basic,0
CUST0996,57,68.83,0,1,0,Plus,0
CUST0997,17,52.83,0,0,1,Premium,0
CUST0998,48,48.11,4,0,1,Basic,0
CUST0999,47,39.24,1,0,1,Basic,0
